Track01/scene-1/traffic/front/11.jpg,Track01/scene-1/traffic/bev/$k/11.png
Track01/scene-1/traffic/front/12.jpg,Track01/scene-1/traffic/bev/$k/12.png
Track01/scene-1/traffic/front/13.jpg,Track01/scene-1/traffic/bev/$k/13.png
Track01/scene-1/traffic/front/14.jpg,Track01/scene-1/traffic/bev/$k/14.png
Track01/scene-1/traffic/front/16.jpg,Track01/scene-1/traffic/bev/$k/16.png
Track01/scene-1/traffic/front/17.jpg,Track01/scene-1/traffic/bev/$k/17.png
Track01/scene-1/traffic/front/18.jpg,Track01/scene-1/traffic/bev/$k/18.png
Track01/scene-1/traffic/front/19.jpg,Track01/scene-1/traffic/bev/$k/19.png
Track01/scene-1/traffic/front/2.jpg,Track01/scene-1/traffic/bev/$k/2.png
Track01/scene-1/traffic/front/21.jpg,Track01/scene-1/traffic/bev/$k/21.png
Track01/scene-1/traffic/front/22.jpg,Track01/scene-1/traffic/bev/$k/22.png
Track01/scene-1/traffic/front/23.jpg,Track01/scene-1/traffic/bev/$k/23.png
Track01/scene-1/traffic/front/24.jpg,Track01/scene-1/traffic/bev/$k/24.png
Track01/scene-1/traffic/front/26.jpg,Track01/scene-1/traffic/bev/$k/26.png
Track01/scene-1/traffic/front/27.jpg,Track01/scene-1/traffic/bev/$k/27.png
Track01/scene-1/traffic/front/28.jpg,Track01/scene-1/traffic/bev/$k/28.png
Track01/scene-1/traffic/front/29.jpg,Track01/scene-1/traffic/bev/$k/29.png
Track01/scene-1/traffic/front/3.jpg,Track01/scene-1/traffic/bev/$k/3.png
Track01/scene-1/traffic/front/31.jpg,Track01/scene-1/traffic/bev/$k/31.png
Track01/scene-1/traffic/front/32.jpg,Track01/scene-1/traffic/bev/$k/32.png
Track01/scene-1/traffic/front/33.jpg,Track01/scene-1/traffic/bev/$k/33.png
Track01/scene-1/traffic/front/34.jpg,Track01/scene-1/traffic/bev/$k/34.png
Track01/scene-1/traffic/front/36.jpg,Track01/scene-1/traffic/bev/$k/36.png
Track01/scene-1/traffic/front/37.jpg,Track01/scene-1/traffic/bev/$k/37.png
Track01/scene-1/traffic/front/38.jpg,Track01/scene-1/traffic/bev/$k/38.png
Track01/scene-1/traffic/front/4.jpg,Track01/scene-1/traffic/bev/$k/4.png
Track01/scene-1/traffic/front/6.jpg,Track01/scene-1/traffic/bev/$k/6.png
Track01/scene-1/traffic/front/7.jpg,Track01/scene-1/traffic/bev/$k/7.png
Track01/scene-1/traffic/front/8.jpg,Track01/scene-1/traffic/bev/$k/8.png
Track01/scene-1/traffic/front/9.jpg,Track01/scene-1/traffic/bev/$k/9.png
Track01/scene-2/traffic/front/11.jpg,Track01/scene-2/traffic/bev/$k/11.png
Track01/scene-2/traffic/front/12.jpg,Track01/scene-2/traffic/bev/$k/12.png
Track01/scene-2/traffic/front/13.jpg,Track01/scene-2/traffic/bev/$k/13.png
Track01/scene-2/traffic/front/14.jpg,Track01/scene-2/traffic/bev/$k/14.png
Track01/scene-2/traffic/front/16.jpg,Track01/scene-2/traffic/bev/$k/16.png
Track01/scene-2/traffic/front/17.jpg,Track01/scene-2/traffic/bev/$k/17.png
Track01/scene-2/traffic/front/18.jpg,Track01/scene-2/traffic/bev/$k/18.png
Track01/scene-2/traffic/front/19.jpg,Track01/scene-2/traffic/bev/$k/19.png
Track01/scene-2/traffic/front/2.jpg,Track01/scene-2/traffic/bev/$k/2.png
Track01/scene-2/traffic/front/21.jpg,Track01/scene-2/traffic/bev/$k/21.png
Track01/scene-2/traffic/front/22.jpg,Track01/scene-2/traffic/bev/$k/22.png
Track01/scene-2/traffic/front/23.jpg,Track01/scene-2/traffic/bev/$k/23.png
Track01/scene-2/traffic/front/24.jpg,Track01/scene-2/traffic/bev/$k/24.png
Track01/scene-2/traffic/front/26.jpg,Track01/scene-2/traffic/bev/$k/26.png
Track01/scene-2/traffic/front/27.jpg,Track01/scene-2/traffic/bev/$k/27.png
Track01/scene-2/traffic/front/28.jpg,Track01/scene-2/traffic/bev/$k/28.png
Track01/scene-2/traffic/front/29.jpg,Track01/scene-2/traffic/bev/$k/29.png
Track01/scene-2/traffic/front/3.jpg,Track01/scene-2/traffic/bev/$k/3.png
Track01/scene-2/traffic/front/31.jpg,Track01/scene-2/traffic/bev/$k/31.png
Track01/scene-2/traffic/front/32.jpg,Track01/scene-2/traffic/bev/$k/32.png
Track01/scene-2/traffic/front/33.jpg,Track01/scene-2/traffic/bev/$k/33.png
Track01/scene-2/traffic/front/34.jpg,Track01/scene-2/traffic/bev/$k/34.png
Track01/scene-2/traffic/front/36.jpg,Track01/scene-2/traffic/bev/$k/36.png
Track01/scene-2/traffic/front/37.jpg,Track01/scene-2/traffic/bev/$k/37.png
Track01/scene-2/traffic/front/38.jpg,Track01/scene-2/traffic/bev/$k/38.png
Track01/scene-2/traffic/front/4.jpg,Track01/scene-2/traffic/bev/$k/4.png
Track01/scene-2/traffic/front/6.jpg,Track01/scene-2/traffic/bev/$k/6.png
Track01/scene-2/traffic/front/7.jpg,Track01/scene-2/traffic/bev/$k/7.png
Track01/scene-2/traffic/front/8.jpg,Track01/scene-2/traffic/bev/$k/8.png
Track01/scene-2/traffic/front/9.jpg,Track01/scene-2/traffic/bev/$k/9.png
