Town01/scene_1/traffic/rgb/27.jpg,Town01/scene_1/traffic/bev/$k/27.jpg
Town01/scene_1/traffic/rgb/46.jpg,Town01/scene_1/traffic/bev/$k/46.jpg
Town01/scene_1/traffic/rgb/65.jpg,Town01/scene_1/traffic/bev/$k/65.jpg
Town01/scene_1/traffic/rgb/0.jpg,Town01/scene_1/traffic/bev/$k/0.jpg
Town01/scene_1/traffic/rgb/1.jpg,Town01/scene_1/traffic/bev/$k/1.jpg
Town01/scene_1/traffic/rgb/10.jpg,Town01/scene_1/traffic/bev/$k/10.jpg
Town01/scene_1/traffic/rgb/11.jpg,Town01/scene_1/traffic/bev/$k/11.jpg
Town01/scene_1/traffic/rgb/12.jpg,Town01/scene_1/traffic/bev/$k/12.jpg
Town01/scene_1/traffic/rgb/13.jpg,Town01/scene_1/traffic/bev/$k/13.jpg
Town01/scene_1/traffic/rgb/14.jpg,Town01/scene_1/traffic/bev/$k/14.jpg
Town01/scene_1/traffic/rgb/15.jpg,Town01/scene_1/traffic/bev/$k/15.jpg
Town01/scene_1/traffic/rgb/16.jpg,Town01/scene_1/traffic/bev/$k/16.jpg
Town01/scene_1/traffic/rgb/17.jpg,Town01/scene_1/traffic/bev/$k/17.jpg
Town01/scene_1/traffic/rgb/18.jpg,Town01/scene_1/traffic/bev/$k/18.jpg
Town01/scene_1/traffic/rgb/19.jpg,Town01/scene_1/traffic/bev/$k/19.jpg
Town01/scene_1/traffic/rgb/2.jpg,Town01/scene_1/traffic/bev/$k/2.jpg
Town01/scene_1/traffic/rgb/20.jpg,Town01/scene_1/traffic/bev/$k/20.jpg
Town01/scene_1/traffic/rgb/21.jpg,Town01/scene_1/traffic/bev/$k/21.jpg
Town01/scene_1/traffic/rgb/22.jpg,Town01/scene_1/traffic/bev/$k/22.jpg
Town01/scene_1/traffic/rgb/23.jpg,Town01/scene_1/traffic/bev/$k/23.jpg
Town01/scene_1/traffic/rgb/24.jpg,Town01/scene_1/traffic/bev/$k/24.jpg
Town01/scene_1/traffic/rgb/25.jpg,Town01/scene_1/traffic/bev/$k/25.jpg
Town01/scene_1/traffic/rgb/26.jpg,Town01/scene_1/traffic/bev/$k/26.jpg
Town01/scene_1/traffic/rgb/28.jpg,Town01/scene_1/traffic/bev/$k/28.jpg
Town01/scene_1/traffic/rgb/29.jpg,Town01/scene_1/traffic/bev/$k/29.jpg
Town01/scene_1/traffic/rgb/3.jpg,Town01/scene_1/traffic/bev/$k/3.jpg
Town01/scene_1/traffic/rgb/30.jpg,Town01/scene_1/traffic/bev/$k/30.jpg
Town01/scene_1/traffic/rgb/31.jpg,Town01/scene_1/traffic/bev/$k/31.jpg
Town01/scene_1/traffic/rgb/32.jpg,Town01/scene_1/traffic/bev/$k/32.jpg
Town01/scene_1/traffic/rgb/33.jpg,Town01/scene_1/traffic/bev/$k/33.jpg
Town01/scene_1/traffic/rgb/34.jpg,Town01/scene_1/traffic/bev/$k/34.jpg
Town01/scene_1/traffic/rgb/35.jpg,Town01/scene_1/traffic/bev/$k/35.jpg
Town01/scene_1/traffic/rgb/36.jpg,Town01/scene_1/traffic/bev/$k/36.jpg
Town01/scene_1/traffic/rgb/37.jpg,Town01/scene_1/traffic/bev/$k/37.jpg
Town01/scene_1/traffic/rgb/38.jpg,Town01/scene_1/traffic/bev/$k/38.jpg
Town01/scene_1/traffic/rgb/39.jpg,Town01/scene_1/traffic/bev/$k/39.jpg
Town01/scene_1/traffic/rgb/4.jpg,Town01/scene_1/traffic/bev/$k/4.jpg
Town01/scene_1/traffic/rgb/40.jpg,Town01/scene_1/traffic/bev/$k/40.jpg
Town01/scene_1/traffic/rgb/41.jpg,Town01/scene_1/traffic/bev/$k/41.jpg
Town01/scene_1/traffic/rgb/42.jpg,Town01/scene_1/traffic/bev/$k/42.jpg
Town01/scene_1/traffic/rgb/43.jpg,Town01/scene_1/traffic/bev/$k/43.jpg
Town01/scene_1/traffic/rgb/44.jpg,Town01/scene_1/traffic/bev/$k/44.jpg
Town01/scene_1/traffic/rgb/45.jpg,Town01/scene_1/traffic/bev/$k/45.jpg
Town01/scene_1/traffic/rgb/47.jpg,Town01/scene_1/traffic/bev/$k/47.jpg
Town01/scene_1/traffic/rgb/48.jpg,Town01/scene_1/traffic/bev/$k/48.jpg
Town01/scene_1/traffic/rgb/49.jpg,Town01/scene_1/traffic/bev/$k/49.jpg
Town01/scene_1/traffic/rgb/5.jpg,Town01/scene_1/traffic/bev/$k/5.jpg
Town01/scene_1/traffic/rgb/50.jpg,Town01/scene_1/traffic/bev/$k/50.jpg
Town01/scene_1/traffic/rgb/51.jpg,Town01/scene_1/traffic/bev/$k/51.jpg
Town01/scene_1/traffic/rgb/52.jpg,Town01/scene_1/traffic/bev/$k/52.jpg
Town01/scene_1/traffic/rgb/53.jpg,Town01/scene_1/traffic/bev/$k/53.jpg
Town01/scene_1/traffic/rgb/54.jpg,Town01/scene_1/traffic/bev/$k/54.jpg
Town01/scene_1/traffic/rgb/55.jpg,Town01/scene_1/traffic/bev/$k/55.jpg
Town01/scene_1/traffic/rgb/56.jpg,Town01/scene_1/traffic/bev/$k/56.jpg
Town01/scene_1/traffic/rgb/57.jpg,Town01/scene_1/traffic/bev/$k/57.jpg
Town01/scene_1/traffic/rgb/58.jpg,Town01/scene_1/traffic/bev/$k/58.jpg
Town01/scene_1/traffic/rgb/59.jpg,Town01/scene_1/traffic/bev/$k/59.jpg
Town01/scene_1/traffic/rgb/6.jpg,Town01/scene_1/traffic/bev/$k/6.jpg
Town01/scene_1/traffic/rgb/60.jpg,Town01/scene_1/traffic/bev/$k/60.jpg
Town01/scene_1/traffic/rgb/61.jpg,Town01/scene_1/traffic/bev/$k/61.jpg
Town01/scene_1/traffic/rgb/62.jpg,Town01/scene_1/traffic/bev/$k/62.jpg
Town01/scene_1/traffic/rgb/63.jpg,Town01/scene_1/traffic/bev/$k/63.jpg
Town01/scene_1/traffic/rgb/64.jpg,Town01/scene_1/traffic/bev/$k/64.jpg
Town01/scene_1/traffic/rgb/66.jpg,Town01/scene_1/traffic/bev/$k/66.jpg
Town01/scene_1/traffic/rgb/67.jpg,Town01/scene_1/traffic/bev/$k/67.jpg
Town01/scene_1/traffic/rgb/68.jpg,Town01/scene_1/traffic/bev/$k/68.jpg
Town01/scene_1/traffic/rgb/69.jpg,Town01/scene_1/traffic/bev/$k/69.jpg
Town01/scene_1/traffic/rgb/7.jpg,Town01/scene_1/traffic/bev/$k/7.jpg
Town01/scene_1/traffic/rgb/70.jpg,Town01/scene_1/traffic/bev/$k/70.jpg
Town01/scene_1/traffic/rgb/71.jpg,Town01/scene_1/traffic/bev/$k/71.jpg
Town01/scene_1/traffic/rgb/72.jpg,Town01/scene_1/traffic/bev/$k/72.jpg
Town01/scene_1/traffic/rgb/73.jpg,Town01/scene_1/traffic/bev/$k/73.jpg
Town01/scene_1/traffic/rgb/74.jpg,Town01/scene_1/traffic/bev/$k/74.jpg
Town01/scene_1/traffic/rgb/75.jpg,Town01/scene_1/traffic/bev/$k/75.jpg
Town01/scene_1/traffic/rgb/76.jpg,Town01/scene_1/traffic/bev/$k/76.jpg
Town01/scene_1/traffic/rgb/77.jpg,Town01/scene_1/traffic/bev/$k/77.jpg
Town01/scene_1/traffic/rgb/78.jpg,Town01/scene_1/traffic/bev/$k/78.jpg
Town01/scene_1/traffic/rgb/79.jpg,Town01/scene_1/traffic/bev/$k/79.jpg
Town01/scene_1/traffic/rgb/8.jpg,Town01/scene_1/traffic/bev/$k/8.jpg
Town01/scene_1/traffic/rgb/80.jpg,Town01/scene_1/traffic/bev/$k/80.jpg
Town01/scene_1/traffic/rgb/81.jpg,Town01/scene_1/traffic/bev/$k/81.jpg
Town01/scene_1/traffic/rgb/82.jpg,Town01/scene_1/traffic/bev/$k/82.jpg
Town01/scene_1/traffic/rgb/83.jpg,Town01/scene_1/traffic/bev/$k/83.jpg
Town01/scene_1/traffic/rgb/84.jpg,Town01/scene_1/traffic/bev/$k/84.jpg
Town01/scene_1/traffic/rgb/85.jpg,Town01/scene_1/traffic/bev/$k/85.jpg
Town01/scene_1/traffic/rgb/86.jpg,Town01/scene_1/traffic/bev/$k/86.jpg
Town01/scene_1/traffic/rgb/87.jpg,Town01/scene_1/traffic/bev/$k/87.jpg
Town01/scene_1/traffic/rgb/88.jpg,Town01/scene_1/traffic/bev/$k/88.jpg
Town01/scene_1/traffic/rgb/89.jpg,Town01/scene_1/traffic/bev/$k/89.jpg
Town01/scene_1/traffic/rgb/9.jpg,Town01/scene_1/traffic/bev/$k/9.jpg
Town01/scene_1/traffic/rgb/90.jpg,Town01/scene_1/traffic/bev/$k/90.jpg
Town01/scene_1/traffic/rgb/91.jpg,Town01/scene_1/traffic/bev/$k/91.jpg
Town01/scene_1/traffic/rgb/92.jpg,Town01/scene_1/traffic/bev/$k/92.jpg
Town01/scene_1/traffic/rgb/93.jpg,Town01/scene_1/traffic/bev/$k/93.jpg
Town01/scene_1/traffic/rgb/94.jpg,Town01/scene_1/traffic/bev/$k/94.jpg
Town01/scene_1/traffic/rgb/95.jpg,Town01/scene_1/traffic/bev/$k/95.jpg
Town01/scene_1/traffic/rgb/96.jpg,Town01/scene_1/traffic/bev/$k/96.jpg
Town01/scene_1/traffic/rgb/97.jpg,Town01/scene_1/traffic/bev/$k/97.jpg
Town01/scene_1/traffic/rgb/98.jpg,Town01/scene_1/traffic/bev/$k/98.jpg
Town01/scene_1/traffic/rgb/99.jpg,Town01/scene_1/traffic/bev/$k/99.jpg
Town01/scene_2/traffic/rgb/27.jpg,Town01/scene_2/traffic/bev/$k/27.jpg
Town01/scene_2/traffic/rgb/46.jpg,Town01/scene_2/traffic/bev/$k/46.jpg
Town01/scene_2/traffic/rgb/65.jpg,Town01/scene_2/traffic/bev/$k/65.jpg
Town01/scene_2/traffic/rgb/0.jpg,Town01/scene_2/traffic/bev/$k/0.jpg
Town01/scene_2/traffic/rgb/1.jpg,Town01/scene_2/traffic/bev/$k/1.jpg
Town01/scene_2/traffic/rgb/10.jpg,Town01/scene_2/traffic/bev/$k/10.jpg
Town01/scene_2/traffic/rgb/11.jpg,Town01/scene_2/traffic/bev/$k/11.jpg
Town01/scene_2/traffic/rgb/12.jpg,Town01/scene_2/traffic/bev/$k/12.jpg
Town01/scene_2/traffic/rgb/13.jpg,Town01/scene_2/traffic/bev/$k/13.jpg
Town01/scene_2/traffic/rgb/14.jpg,Town01/scene_2/traffic/bev/$k/14.jpg
Town01/scene_2/traffic/rgb/15.jpg,Town01/scene_2/traffic/bev/$k/15.jpg
Town01/scene_2/traffic/rgb/16.jpg,Town01/scene_2/traffic/bev/$k/16.jpg
Town01/scene_2/traffic/rgb/17.jpg,Town01/scene_2/traffic/bev/$k/17.jpg
Town01/scene_2/traffic/rgb/18.jpg,Town01/scene_2/traffic/bev/$k/18.jpg
Town01/scene_2/traffic/rgb/19.jpg,Town01/scene_2/traffic/bev/$k/19.jpg
Town01/scene_2/traffic/rgb/2.jpg,Town01/scene_2/traffic/bev/$k/2.jpg
Town01/scene_2/traffic/rgb/20.jpg,Town01/scene_2/traffic/bev/$k/20.jpg
Town01/scene_2/traffic/rgb/21.jpg,Town01/scene_2/traffic/bev/$k/21.jpg
Town01/scene_2/traffic/rgb/22.jpg,Town01/scene_2/traffic/bev/$k/22.jpg
Town01/scene_2/traffic/rgb/23.jpg,Town01/scene_2/traffic/bev/$k/23.jpg
Town01/scene_2/traffic/rgb/24.jpg,Town01/scene_2/traffic/bev/$k/24.jpg
Town01/scene_2/traffic/rgb/25.jpg,Town01/scene_2/traffic/bev/$k/25.jpg
Town01/scene_2/traffic/rgb/26.jpg,Town01/scene_2/traffic/bev/$k/26.jpg
Town01/scene_2/traffic/rgb/28.jpg,Town01/scene_2/traffic/bev/$k/28.jpg
Town01/scene_2/traffic/rgb/29.jpg,Town01/scene_2/traffic/bev/$k/29.jpg
Town01/scene_2/traffic/rgb/3.jpg,Town01/scene_2/traffic/bev/$k/3.jpg
Town01/scene_2/traffic/rgb/30.jpg,Town01/scene_2/traffic/bev/$k/30.jpg
Town01/scene_2/traffic/rgb/31.jpg,Town01/scene_2/traffic/bev/$k/31.jpg
Town01/scene_2/traffic/rgb/32.jpg,Town01/scene_2/traffic/bev/$k/32.jpg
Town01/scene_2/traffic/rgb/33.jpg,Town01/scene_2/traffic/bev/$k/33.jpg
Town01/scene_2/traffic/rgb/34.jpg,Town01/scene_2/traffic/bev/$k/34.jpg
Town01/scene_2/traffic/rgb/35.jpg,Town01/scene_2/traffic/bev/$k/35.jpg
Town01/scene_2/traffic/rgb/36.jpg,Town01/scene_2/traffic/bev/$k/36.jpg
Town01/scene_2/traffic/rgb/37.jpg,Town01/scene_2/traffic/bev/$k/37.jpg
Town01/scene_2/traffic/rgb/38.jpg,Town01/scene_2/traffic/bev/$k/38.jpg
Town01/scene_2/traffic/rgb/39.jpg,Town01/scene_2/traffic/bev/$k/39.jpg
Town01/scene_2/traffic/rgb/4.jpg,Town01/scene_2/traffic/bev/$k/4.jpg
Town01/scene_2/traffic/rgb/40.jpg,Town01/scene_2/traffic/bev/$k/40.jpg
Town01/scene_2/traffic/rgb/41.jpg,Town01/scene_2/traffic/bev/$k/41.jpg
Town01/scene_2/traffic/rgb/42.jpg,Town01/scene_2/traffic/bev/$k/42.jpg
Town01/scene_2/traffic/rgb/43.jpg,Town01/scene_2/traffic/bev/$k/43.jpg
Town01/scene_2/traffic/rgb/44.jpg,Town01/scene_2/traffic/bev/$k/44.jpg
Town01/scene_2/traffic/rgb/45.jpg,Town01/scene_2/traffic/bev/$k/45.jpg
Town01/scene_2/traffic/rgb/47.jpg,Town01/scene_2/traffic/bev/$k/47.jpg
Town01/scene_2/traffic/rgb/48.jpg,Town01/scene_2/traffic/bev/$k/48.jpg
Town01/scene_2/traffic/rgb/49.jpg,Town01/scene_2/traffic/bev/$k/49.jpg
Town01/scene_2/traffic/rgb/5.jpg,Town01/scene_2/traffic/bev/$k/5.jpg
Town01/scene_2/traffic/rgb/50.jpg,Town01/scene_2/traffic/bev/$k/50.jpg
Town01/scene_2/traffic/rgb/51.jpg,Town01/scene_2/traffic/bev/$k/51.jpg
Town01/scene_2/traffic/rgb/52.jpg,Town01/scene_2/traffic/bev/$k/52.jpg
Town01/scene_2/traffic/rgb/53.jpg,Town01/scene_2/traffic/bev/$k/53.jpg
Town01/scene_2/traffic/rgb/54.jpg,Town01/scene_2/traffic/bev/$k/54.jpg
Town01/scene_2/traffic/rgb/55.jpg,Town01/scene_2/traffic/bev/$k/55.jpg
Town01/scene_2/traffic/rgb/56.jpg,Town01/scene_2/traffic/bev/$k/56.jpg
Town01/scene_2/traffic/rgb/57.jpg,Town01/scene_2/traffic/bev/$k/57.jpg
Town01/scene_2/traffic/rgb/58.jpg,Town01/scene_2/traffic/bev/$k/58.jpg
Town01/scene_2/traffic/rgb/59.jpg,Town01/scene_2/traffic/bev/$k/59.jpg
Town01/scene_2/traffic/rgb/6.jpg,Town01/scene_2/traffic/bev/$k/6.jpg
Town01/scene_2/traffic/rgb/60.jpg,Town01/scene_2/traffic/bev/$k/60.jpg
Town01/scene_2/traffic/rgb/61.jpg,Town01/scene_2/traffic/bev/$k/61.jpg
Town01/scene_2/traffic/rgb/62.jpg,Town01/scene_2/traffic/bev/$k/62.jpg
Town01/scene_2/traffic/rgb/63.jpg,Town01/scene_2/traffic/bev/$k/63.jpg
Town01/scene_2/traffic/rgb/64.jpg,Town01/scene_2/traffic/bev/$k/64.jpg
Town01/scene_2/traffic/rgb/66.jpg,Town01/scene_2/traffic/bev/$k/66.jpg
Town01/scene_2/traffic/rgb/67.jpg,Town01/scene_2/traffic/bev/$k/67.jpg
Town01/scene_2/traffic/rgb/68.jpg,Town01/scene_2/traffic/bev/$k/68.jpg
Town01/scene_2/traffic/rgb/69.jpg,Town01/scene_2/traffic/bev/$k/69.jpg
Town01/scene_2/traffic/rgb/7.jpg,Town01/scene_2/traffic/bev/$k/7.jpg
Town01/scene_2/traffic/rgb/70.jpg,Town01/scene_2/traffic/bev/$k/70.jpg
Town01/scene_2/traffic/rgb/71.jpg,Town01/scene_2/traffic/bev/$k/71.jpg
Town01/scene_2/traffic/rgb/72.jpg,Town01/scene_2/traffic/bev/$k/72.jpg
Town01/scene_2/traffic/rgb/73.jpg,Town01/scene_2/traffic/bev/$k/73.jpg
Town01/scene_2/traffic/rgb/74.jpg,Town01/scene_2/traffic/bev/$k/74.jpg
Town01/scene_2/traffic/rgb/75.jpg,Town01/scene_2/traffic/bev/$k/75.jpg
Town01/scene_2/traffic/rgb/76.jpg,Town01/scene_2/traffic/bev/$k/76.jpg
Town01/scene_2/traffic/rgb/77.jpg,Town01/scene_2/traffic/bev/$k/77.jpg
Town01/scene_2/traffic/rgb/78.jpg,Town01/scene_2/traffic/bev/$k/78.jpg
Town01/scene_2/traffic/rgb/79.jpg,Town01/scene_2/traffic/bev/$k/79.jpg
Town01/scene_2/traffic/rgb/8.jpg,Town01/scene_2/traffic/bev/$k/8.jpg
Town01/scene_2/traffic/rgb/80.jpg,Town01/scene_2/traffic/bev/$k/80.jpg
Town01/scene_2/traffic/rgb/81.jpg,Town01/scene_2/traffic/bev/$k/81.jpg
Town01/scene_2/traffic/rgb/82.jpg,Town01/scene_2/traffic/bev/$k/82.jpg
Town01/scene_2/traffic/rgb/83.jpg,Town01/scene_2/traffic/bev/$k/83.jpg
Town01/scene_2/traffic/rgb/84.jpg,Town01/scene_2/traffic/bev/$k/84.jpg
Town01/scene_2/traffic/rgb/85.jpg,Town01/scene_2/traffic/bev/$k/85.jpg
Town01/scene_2/traffic/rgb/86.jpg,Town01/scene_2/traffic/bev/$k/86.jpg
Town01/scene_2/traffic/rgb/87.jpg,Town01/scene_2/traffic/bev/$k/87.jpg
Town01/scene_2/traffic/rgb/88.jpg,Town01/scene_2/traffic/bev/$k/88.jpg
Town01/scene_2/traffic/rgb/89.jpg,Town01/scene_2/traffic/bev/$k/89.jpg
Town01/scene_2/traffic/rgb/9.jpg,Town01/scene_2/traffic/bev/$k/9.jpg
Town01/scene_2/traffic/rgb/90.jpg,Town01/scene_2/traffic/bev/$k/90.jpg
Town01/scene_2/traffic/rgb/91.jpg,Town01/scene_2/traffic/bev/$k/91.jpg
Town01/scene_2/traffic/rgb/92.jpg,Town01/scene_2/traffic/bev/$k/92.jpg
Town01/scene_2/traffic/rgb/93.jpg,Town01/scene_2/traffic/bev/$k/93.jpg
Town01/scene_2/traffic/rgb/94.jpg,Town01/scene_2/traffic/bev/$k/94.jpg
Town01/scene_2/traffic/rgb/95.jpg,Town01/scene_2/traffic/bev/$k/95.jpg
Town01/scene_2/traffic/rgb/96.jpg,Town01/scene_2/traffic/bev/$k/96.jpg
Town01/scene_2/traffic/rgb/97.jpg,Town01/scene_2/traffic/bev/$k/97.jpg
Town01/scene_2/traffic/rgb/98.jpg,Town01/scene_2/traffic/bev/$k/98.jpg
Town01/scene_2/traffic/rgb/99.jpg,Town01/scene_2/traffic/bev/$k/99.jpg
Town01/scene_3/traffic/rgb/27.jpg,Town01/scene_3/traffic/bev/$k/27.jpg
Town01/scene_3/traffic/rgb/46.jpg,Town01/scene_3/traffic/bev/$k/46.jpg
Town01/scene_3/traffic/rgb/65.jpg,Town01/scene_3/traffic/bev/$k/65.jpg
Town01/scene_3/traffic/rgb/0.jpg,Town01/scene_3/traffic/bev/$k/0.jpg
Town01/scene_3/traffic/rgb/1.jpg,Town01/scene_3/traffic/bev/$k/1.jpg
Town01/scene_3/traffic/rgb/10.jpg,Town01/scene_3/traffic/bev/$k/10.jpg
Town01/scene_3/traffic/rgb/11.jpg,Town01/scene_3/traffic/bev/$k/11.jpg
Town01/scene_3/traffic/rgb/12.jpg,Town01/scene_3/traffic/bev/$k/12.jpg
Town01/scene_3/traffic/rgb/13.jpg,Town01/scene_3/traffic/bev/$k/13.jpg
Town01/scene_3/traffic/rgb/14.jpg,Town01/scene_3/traffic/bev/$k/14.jpg
Town01/scene_3/traffic/rgb/15.jpg,Town01/scene_3/traffic/bev/$k/15.jpg
Town01/scene_3/traffic/rgb/16.jpg,Town01/scene_3/traffic/bev/$k/16.jpg
Town01/scene_3/traffic/rgb/17.jpg,Town01/scene_3/traffic/bev/$k/17.jpg
Town01/scene_3/traffic/rgb/18.jpg,Town01/scene_3/traffic/bev/$k/18.jpg
Town01/scene_3/traffic/rgb/19.jpg,Town01/scene_3/traffic/bev/$k/19.jpg
Town01/scene_3/traffic/rgb/2.jpg,Town01/scene_3/traffic/bev/$k/2.jpg
Town01/scene_3/traffic/rgb/20.jpg,Town01/scene_3/traffic/bev/$k/20.jpg
Town01/scene_3/traffic/rgb/21.jpg,Town01/scene_3/traffic/bev/$k/21.jpg
Town01/scene_3/traffic/rgb/22.jpg,Town01/scene_3/traffic/bev/$k/22.jpg
Town01/scene_3/traffic/rgb/23.jpg,Town01/scene_3/traffic/bev/$k/23.jpg
Town01/scene_3/traffic/rgb/24.jpg,Town01/scene_3/traffic/bev/$k/24.jpg
Town01/scene_3/traffic/rgb/25.jpg,Town01/scene_3/traffic/bev/$k/25.jpg
Town01/scene_3/traffic/rgb/26.jpg,Town01/scene_3/traffic/bev/$k/26.jpg
Town01/scene_3/traffic/rgb/28.jpg,Town01/scene_3/traffic/bev/$k/28.jpg
Town01/scene_3/traffic/rgb/29.jpg,Town01/scene_3/traffic/bev/$k/29.jpg
Town01/scene_3/traffic/rgb/3.jpg,Town01/scene_3/traffic/bev/$k/3.jpg
Town01/scene_3/traffic/rgb/30.jpg,Town01/scene_3/traffic/bev/$k/30.jpg
Town01/scene_3/traffic/rgb/31.jpg,Town01/scene_3/traffic/bev/$k/31.jpg
Town01/scene_3/traffic/rgb/32.jpg,Town01/scene_3/traffic/bev/$k/32.jpg
Town01/scene_3/traffic/rgb/33.jpg,Town01/scene_3/traffic/bev/$k/33.jpg
Town01/scene_3/traffic/rgb/34.jpg,Town01/scene_3/traffic/bev/$k/34.jpg
Town01/scene_3/traffic/rgb/35.jpg,Town01/scene_3/traffic/bev/$k/35.jpg
Town01/scene_3/traffic/rgb/36.jpg,Town01/scene_3/traffic/bev/$k/36.jpg
Town01/scene_3/traffic/rgb/37.jpg,Town01/scene_3/traffic/bev/$k/37.jpg
Town01/scene_3/traffic/rgb/38.jpg,Town01/scene_3/traffic/bev/$k/38.jpg
Town01/scene_3/traffic/rgb/39.jpg,Town01/scene_3/traffic/bev/$k/39.jpg
Town01/scene_3/traffic/rgb/4.jpg,Town01/scene_3/traffic/bev/$k/4.jpg
Town01/scene_3/traffic/rgb/40.jpg,Town01/scene_3/traffic/bev/$k/40.jpg
Town01/scene_3/traffic/rgb/41.jpg,Town01/scene_3/traffic/bev/$k/41.jpg
Town01/scene_3/traffic/rgb/42.jpg,Town01/scene_3/traffic/bev/$k/42.jpg
Town01/scene_3/traffic/rgb/43.jpg,Town01/scene_3/traffic/bev/$k/43.jpg
Town01/scene_3/traffic/rgb/44.jpg,Town01/scene_3/traffic/bev/$k/44.jpg
Town01/scene_3/traffic/rgb/45.jpg,Town01/scene_3/traffic/bev/$k/45.jpg
Town01/scene_3/traffic/rgb/47.jpg,Town01/scene_3/traffic/bev/$k/47.jpg
Town01/scene_3/traffic/rgb/48.jpg,Town01/scene_3/traffic/bev/$k/48.jpg
Town01/scene_3/traffic/rgb/49.jpg,Town01/scene_3/traffic/bev/$k/49.jpg
Town01/scene_3/traffic/rgb/5.jpg,Town01/scene_3/traffic/bev/$k/5.jpg
Town01/scene_3/traffic/rgb/50.jpg,Town01/scene_3/traffic/bev/$k/50.jpg
Town01/scene_3/traffic/rgb/51.jpg,Town01/scene_3/traffic/bev/$k/51.jpg
Town01/scene_3/traffic/rgb/52.jpg,Town01/scene_3/traffic/bev/$k/52.jpg
Town01/scene_3/traffic/rgb/53.jpg,Town01/scene_3/traffic/bev/$k/53.jpg
Town01/scene_3/traffic/rgb/54.jpg,Town01/scene_3/traffic/bev/$k/54.jpg
Town01/scene_3/traffic/rgb/55.jpg,Town01/scene_3/traffic/bev/$k/55.jpg
Town01/scene_3/traffic/rgb/56.jpg,Town01/scene_3/traffic/bev/$k/56.jpg
Town01/scene_3/traffic/rgb/57.jpg,Town01/scene_3/traffic/bev/$k/57.jpg
Town01/scene_3/traffic/rgb/58.jpg,Town01/scene_3/traffic/bev/$k/58.jpg
Town01/scene_3/traffic/rgb/59.jpg,Town01/scene_3/traffic/bev/$k/59.jpg
Town01/scene_3/traffic/rgb/6.jpg,Town01/scene_3/traffic/bev/$k/6.jpg
Town01/scene_3/traffic/rgb/60.jpg,Town01/scene_3/traffic/bev/$k/60.jpg
Town01/scene_3/traffic/rgb/61.jpg,Town01/scene_3/traffic/bev/$k/61.jpg
Town01/scene_3/traffic/rgb/62.jpg,Town01/scene_3/traffic/bev/$k/62.jpg
Town01/scene_3/traffic/rgb/63.jpg,Town01/scene_3/traffic/bev/$k/63.jpg
Town01/scene_3/traffic/rgb/64.jpg,Town01/scene_3/traffic/bev/$k/64.jpg
Town01/scene_3/traffic/rgb/66.jpg,Town01/scene_3/traffic/bev/$k/66.jpg
Town01/scene_3/traffic/rgb/67.jpg,Town01/scene_3/traffic/bev/$k/67.jpg
Town01/scene_3/traffic/rgb/68.jpg,Town01/scene_3/traffic/bev/$k/68.jpg
Town01/scene_3/traffic/rgb/69.jpg,Town01/scene_3/traffic/bev/$k/69.jpg
Town01/scene_3/traffic/rgb/7.jpg,Town01/scene_3/traffic/bev/$k/7.jpg
Town01/scene_3/traffic/rgb/70.jpg,Town01/scene_3/traffic/bev/$k/70.jpg
Town01/scene_3/traffic/rgb/71.jpg,Town01/scene_3/traffic/bev/$k/71.jpg
Town01/scene_3/traffic/rgb/72.jpg,Town01/scene_3/traffic/bev/$k/72.jpg
Town01/scene_3/traffic/rgb/73.jpg,Town01/scene_3/traffic/bev/$k/73.jpg
Town01/scene_3/traffic/rgb/74.jpg,Town01/scene_3/traffic/bev/$k/74.jpg
Town01/scene_3/traffic/rgb/75.jpg,Town01/scene_3/traffic/bev/$k/75.jpg
Town01/scene_3/traffic/rgb/76.jpg,Town01/scene_3/traffic/bev/$k/76.jpg
Town01/scene_3/traffic/rgb/77.jpg,Town01/scene_3/traffic/bev/$k/77.jpg
Town01/scene_3/traffic/rgb/78.jpg,Town01/scene_3/traffic/bev/$k/78.jpg
Town01/scene_3/traffic/rgb/79.jpg,Town01/scene_3/traffic/bev/$k/79.jpg
Town01/scene_3/traffic/rgb/8.jpg,Town01/scene_3/traffic/bev/$k/8.jpg
Town01/scene_3/traffic/rgb/80.jpg,Town01/scene_3/traffic/bev/$k/80.jpg
Town01/scene_3/traffic/rgb/81.jpg,Town01/scene_3/traffic/bev/$k/81.jpg
Town01/scene_3/traffic/rgb/82.jpg,Town01/scene_3/traffic/bev/$k/82.jpg
Town01/scene_3/traffic/rgb/83.jpg,Town01/scene_3/traffic/bev/$k/83.jpg
Town01/scene_3/traffic/rgb/84.jpg,Town01/scene_3/traffic/bev/$k/84.jpg
Town01/scene_3/traffic/rgb/85.jpg,Town01/scene_3/traffic/bev/$k/85.jpg
Town01/scene_3/traffic/rgb/86.jpg,Town01/scene_3/traffic/bev/$k/86.jpg
Town01/scene_3/traffic/rgb/87.jpg,Town01/scene_3/traffic/bev/$k/87.jpg
Town01/scene_3/traffic/rgb/88.jpg,Town01/scene_3/traffic/bev/$k/88.jpg
Town01/scene_3/traffic/rgb/89.jpg,Town01/scene_3/traffic/bev/$k/89.jpg
Town01/scene_3/traffic/rgb/9.jpg,Town01/scene_3/traffic/bev/$k/9.jpg
Town01/scene_3/traffic/rgb/90.jpg,Town01/scene_3/traffic/bev/$k/90.jpg
Town01/scene_3/traffic/rgb/91.jpg,Town01/scene_3/traffic/bev/$k/91.jpg
Town01/scene_3/traffic/rgb/92.jpg,Town01/scene_3/traffic/bev/$k/92.jpg
Town01/scene_3/traffic/rgb/93.jpg,Town01/scene_3/traffic/bev/$k/93.jpg
Town01/scene_3/traffic/rgb/94.jpg,Town01/scene_3/traffic/bev/$k/94.jpg
Town01/scene_3/traffic/rgb/95.jpg,Town01/scene_3/traffic/bev/$k/95.jpg
Town01/scene_3/traffic/rgb/96.jpg,Town01/scene_3/traffic/bev/$k/96.jpg
Town01/scene_3/traffic/rgb/97.jpg,Town01/scene_3/traffic/bev/$k/97.jpg
Town01/scene_3/traffic/rgb/98.jpg,Town01/scene_3/traffic/bev/$k/98.jpg
Town01/scene_3/traffic/rgb/99.jpg,Town01/scene_3/traffic/bev/$k/99.jpg
