Town04/$config/rgb/1144.jpg,Town04/$config/bev/$k/1144.png
Town05/$config/rgb/185.jpg,Town05/$config/bev/$k/185.png
Town05/$config/rgb/369.jpg,Town05/$config/bev/$k/369.png
Town07/$config/rgb/912.jpg,Town07/$config/bev/$k/912.png
Town04/$config/rgb/1588.jpg,Town04/$config/bev/$k/1588.png
Town01/$config/rgb/891.jpg,Town01/$config/bev/$k/891.png
Town07/$config/rgb/1437.jpg,Town07/$config/bev/$k/1437.png
Town10HD/$config/rgb/1951.jpg,Town10HD/$config/bev/$k/1951.png
Town04/$config/rgb/395.jpg,Town04/$config/bev/$k/395.png
Town04/$config/rgb/340.jpg,Town04/$config/bev/$k/340.png
Town02/$config/rgb/1628.jpg,Town02/$config/bev/$k/1628.png
Town07/$config/rgb/1915.jpg,Town07/$config/bev/$k/1915.png
Town06/$config/rgb/978.jpg,Town06/$config/bev/$k/978.png
Town10HD/$config/rgb/1929.jpg,Town10HD/$config/bev/$k/1929.png
Town10HD/$config/rgb/81.jpg,Town10HD/$config/bev/$k/81.png
Town07/$config/rgb/959.jpg,Town07/$config/bev/$k/959.png
Town06/$config/rgb/925.jpg,Town06/$config/bev/$k/925.png
Town07/$config/rgb/1088.jpg,Town07/$config/bev/$k/1088.png
Town05/$config/rgb/78.jpg,Town05/$config/bev/$k/78.png
Town05/$config/rgb/305.jpg,Town05/$config/bev/$k/305.png
Town04/$config/rgb/772.jpg,Town04/$config/bev/$k/772.png
Town05/$config/rgb/824.jpg,Town05/$config/bev/$k/824.png
Town05/$config/rgb/42.jpg,Town05/$config/bev/$k/42.png
Town04/$config/rgb/1637.jpg,Town04/$config/bev/$k/1637.png
Town05/$config/rgb/1326.jpg,Town05/$config/bev/$k/1326.png
Town03/$config/rgb/1749.jpg,Town03/$config/bev/$k/1749.png
Town07/$config/rgb/586.jpg,Town07/$config/bev/$k/586.png
Town05/$config/rgb/1238.jpg,Town05/$config/bev/$k/1238.png
Town06/$config/rgb/896.jpg,Town06/$config/bev/$k/896.png
Town04/$config/rgb/1642.jpg,Town04/$config/bev/$k/1642.png
Town10HD/$config/rgb/1454.jpg,Town10HD/$config/bev/$k/1454.png
Town01/$config/rgb/1762.jpg,Town01/$config/bev/$k/1762.png
Town04/$config/rgb/104.jpg,Town04/$config/bev/$k/104.png
Town03/$config/rgb/1008.jpg,Town03/$config/bev/$k/1008.png
Town04/$config/rgb/256.jpg,Town04/$config/bev/$k/256.png
Town01/$config/rgb/1456.jpg,Town01/$config/bev/$k/1456.png
Town03/$config/rgb/1335.jpg,Town03/$config/bev/$k/1335.png
Town04/$config/rgb/1677.jpg,Town04/$config/bev/$k/1677.png
Town07/$config/rgb/316.jpg,Town07/$config/bev/$k/316.png
Town03/$config/rgb/1331.jpg,Town03/$config/bev/$k/1331.png
Town01/$config/rgb/1092.jpg,Town01/$config/bev/$k/1092.png
Town05/$config/rgb/576.jpg,Town05/$config/bev/$k/576.png
Town01/$config/rgb/1206.jpg,Town01/$config/bev/$k/1206.png
Town02/$config/rgb/1226.jpg,Town02/$config/bev/$k/1226.png
Town07/$config/rgb/39.jpg,Town07/$config/bev/$k/39.png
Town03/$config/rgb/1444.jpg,Town03/$config/bev/$k/1444.png
Town05/$config/rgb/135.jpg,Town05/$config/bev/$k/135.png
Town04/$config/rgb/1313.jpg,Town04/$config/bev/$k/1313.png
Town05/$config/rgb/1619.jpg,Town05/$config/bev/$k/1619.png
Town07/$config/rgb/481.jpg,Town07/$config/bev/$k/481.png
Town04/$config/rgb/1467.jpg,Town04/$config/bev/$k/1467.png
Town02/$config/rgb/788.jpg,Town02/$config/bev/$k/788.png
Town02/$config/rgb/1173.jpg,Town02/$config/bev/$k/1173.png
Town02/$config/rgb/823.jpg,Town02/$config/bev/$k/823.png
Town03/$config/rgb/1738.jpg,Town03/$config/bev/$k/1738.png
Town05/$config/rgb/1046.jpg,Town05/$config/bev/$k/1046.png
Town03/$config/rgb/1541.jpg,Town03/$config/bev/$k/1541.png
Town05/$config/rgb/654.jpg,Town05/$config/bev/$k/654.png
Town05/$config/rgb/734.jpg,Town05/$config/bev/$k/734.png
Town02/$config/rgb/538.jpg,Town02/$config/bev/$k/538.png
Town06/$config/rgb/1725.jpg,Town06/$config/bev/$k/1725.png
Town01/$config/rgb/126.jpg,Town01/$config/bev/$k/126.png
Town03/$config/rgb/1060.jpg,Town03/$config/bev/$k/1060.png
Town05/$config/rgb/1079.jpg,Town05/$config/bev/$k/1079.png
Town01/$config/rgb/878.jpg,Town01/$config/bev/$k/878.png
Town06/$config/rgb/1641.jpg,Town06/$config/bev/$k/1641.png
Town06/$config/rgb/1544.jpg,Town06/$config/bev/$k/1544.png
Town06/$config/rgb/1315.jpg,Town06/$config/bev/$k/1315.png
Town07/$config/rgb/615.jpg,Town07/$config/bev/$k/615.png
Town04/$config/rgb/1691.jpg,Town04/$config/bev/$k/1691.png
Town01/$config/rgb/581.jpg,Town01/$config/bev/$k/581.png
Town01/$config/rgb/960.jpg,Town01/$config/bev/$k/960.png
Town05/$config/rgb/1155.jpg,Town05/$config/bev/$k/1155.png
Town07/$config/rgb/1457.jpg,Town07/$config/bev/$k/1457.png
Town10HD/$config/rgb/1970.jpg,Town10HD/$config/bev/$k/1970.png
Town01/$config/rgb/1488.jpg,Town01/$config/bev/$k/1488.png
Town10HD/$config/rgb/64.jpg,Town10HD/$config/bev/$k/64.png
Town05/$config/rgb/1847.jpg,Town05/$config/bev/$k/1847.png
Town04/$config/rgb/1328.jpg,Town04/$config/bev/$k/1328.png
Town01/$config/rgb/329.jpg,Town01/$config/bev/$k/329.png
Town01/$config/rgb/1647.jpg,Town01/$config/bev/$k/1647.png
Town03/$config/rgb/1259.jpg,Town03/$config/bev/$k/1259.png
Town06/$config/rgb/957.jpg,Town06/$config/bev/$k/957.png
Town03/$config/rgb/271.jpg,Town03/$config/bev/$k/271.png
Town04/$config/rgb/1860.jpg,Town04/$config/bev/$k/1860.png
Town03/$config/rgb/948.jpg,Town03/$config/bev/$k/948.png
Town03/$config/rgb/1332.jpg,Town03/$config/bev/$k/1332.png
Town07/$config/rgb/1672.jpg,Town07/$config/bev/$k/1672.png
Town06/$config/rgb/223.jpg,Town06/$config/bev/$k/223.png
Town03/$config/rgb/1009.jpg,Town03/$config/bev/$k/1009.png
Town04/$config/rgb/142.jpg,Town04/$config/bev/$k/142.png
Town10HD/$config/rgb/733.jpg,Town10HD/$config/bev/$k/733.png
Town06/$config/rgb/210.jpg,Town06/$config/bev/$k/210.png
Town10HD/$config/rgb/1610.jpg,Town10HD/$config/bev/$k/1610.png
Town10HD/$config/rgb/566.jpg,Town10HD/$config/bev/$k/566.png
Town04/$config/rgb/35.jpg,Town04/$config/bev/$k/35.png
Town07/$config/rgb/818.jpg,Town07/$config/bev/$k/818.png
Town07/$config/rgb/199.jpg,Town07/$config/bev/$k/199.png
Town02/$config/rgb/250.jpg,Town02/$config/bev/$k/250.png
Town03/$config/rgb/1639.jpg,Town03/$config/bev/$k/1639.png
Town10HD/$config/rgb/836.jpg,Town10HD/$config/bev/$k/836.png
Town06/$config/rgb/1103.jpg,Town06/$config/bev/$k/1103.png
Town10HD/$config/rgb/1250.jpg,Town10HD/$config/bev/$k/1250.png
Town05/$config/rgb/1248.jpg,Town05/$config/bev/$k/1248.png
Town07/$config/rgb/1943.jpg,Town07/$config/bev/$k/1943.png
Town06/$config/rgb/1358.jpg,Town06/$config/bev/$k/1358.png
Town03/$config/rgb/437.jpg,Town03/$config/bev/$k/437.png
Town05/$config/rgb/368.jpg,Town05/$config/bev/$k/368.png
Town04/$config/rgb/55.jpg,Town04/$config/bev/$k/55.png
Town02/$config/rgb/657.jpg,Town02/$config/bev/$k/657.png
Town05/$config/rgb/699.jpg,Town05/$config/bev/$k/699.png
Town04/$config/rgb/282.jpg,Town04/$config/bev/$k/282.png
Town04/$config/rgb/900.jpg,Town04/$config/bev/$k/900.png
Town01/$config/rgb/1143.jpg,Town01/$config/bev/$k/1143.png
Town06/$config/rgb/1347.jpg,Town06/$config/bev/$k/1347.png
Town03/$config/rgb/1511.jpg,Town03/$config/bev/$k/1511.png
Town07/$config/rgb/1001.jpg,Town07/$config/bev/$k/1001.png
Town05/$config/rgb/121.jpg,Town05/$config/bev/$k/121.png
Town04/$config/rgb/28.jpg,Town04/$config/bev/$k/28.png
Town05/$config/rgb/1025.jpg,Town05/$config/bev/$k/1025.png
Town02/$config/rgb/1680.jpg,Town02/$config/bev/$k/1680.png
Town02/$config/rgb/658.jpg,Town02/$config/bev/$k/658.png
Town01/$config/rgb/1777.jpg,Town01/$config/bev/$k/1777.png
Town04/$config/rgb/835.jpg,Town04/$config/bev/$k/835.png
Town01/$config/rgb/1505.jpg,Town01/$config/bev/$k/1505.png
Town07/$config/rgb/1822.jpg,Town07/$config/bev/$k/1822.png
Town04/$config/rgb/860.jpg,Town04/$config/bev/$k/860.png
Town01/$config/rgb/1973.jpg,Town01/$config/bev/$k/1973.png
Town03/$config/rgb/1947.jpg,Town03/$config/bev/$k/1947.png
Town05/$config/rgb/738.jpg,Town05/$config/bev/$k/738.png
Town02/$config/rgb/1419.jpg,Town02/$config/bev/$k/1419.png
Town01/$config/rgb/258.jpg,Town01/$config/bev/$k/258.png
Town04/$config/rgb/303.jpg,Town04/$config/bev/$k/303.png
Town06/$config/rgb/500.jpg,Town06/$config/bev/$k/500.png
Town04/$config/rgb/1913.jpg,Town04/$config/bev/$k/1913.png
Town06/$config/rgb/556.jpg,Town06/$config/bev/$k/556.png
Town01/$config/rgb/1457.jpg,Town01/$config/bev/$k/1457.png
Town06/$config/rgb/379.jpg,Town06/$config/bev/$k/379.png
Town05/$config/rgb/897.jpg,Town05/$config/bev/$k/897.png
Town01/$config/rgb/275.jpg,Town01/$config/bev/$k/275.png
Town05/$config/rgb/449.jpg,Town05/$config/bev/$k/449.png
Town02/$config/rgb/1122.jpg,Town02/$config/bev/$k/1122.png
Town10HD/$config/rgb/608.jpg,Town10HD/$config/bev/$k/608.png
Town05/$config/rgb/1009.jpg,Town05/$config/bev/$k/1009.png
Town04/$config/rgb/992.jpg,Town04/$config/bev/$k/992.png
Town05/$config/rgb/452.jpg,Town05/$config/bev/$k/452.png
Town07/$config/rgb/1284.jpg,Town07/$config/bev/$k/1284.png
Town01/$config/rgb/107.jpg,Town01/$config/bev/$k/107.png
Town01/$config/rgb/546.jpg,Town01/$config/bev/$k/546.png
Town07/$config/rgb/1419.jpg,Town07/$config/bev/$k/1419.png
Town05/$config/rgb/1546.jpg,Town05/$config/bev/$k/1546.png
Town04/$config/rgb/1987.jpg,Town04/$config/bev/$k/1987.png
Town02/$config/rgb/171.jpg,Town02/$config/bev/$k/171.png
Town03/$config/rgb/683.jpg,Town03/$config/bev/$k/683.png
Town10HD/$config/rgb/1667.jpg,Town10HD/$config/bev/$k/1667.png
Town05/$config/rgb/1316.jpg,Town05/$config/bev/$k/1316.png
Town07/$config/rgb/292.jpg,Town07/$config/bev/$k/292.png
Town01/$config/rgb/651.jpg,Town01/$config/bev/$k/651.png
Town02/$config/rgb/797.jpg,Town02/$config/bev/$k/797.png
Town07/$config/rgb/697.jpg,Town07/$config/bev/$k/697.png
Town05/$config/rgb/702.jpg,Town05/$config/bev/$k/702.png
Town05/$config/rgb/713.jpg,Town05/$config/bev/$k/713.png
Town02/$config/rgb/361.jpg,Town02/$config/bev/$k/361.png
Town10HD/$config/rgb/1855.jpg,Town10HD/$config/bev/$k/1855.png
Town06/$config/rgb/436.jpg,Town06/$config/bev/$k/436.png
Town03/$config/rgb/1097.jpg,Town03/$config/bev/$k/1097.png
Town01/$config/rgb/1424.jpg,Town01/$config/bev/$k/1424.png
Town04/$config/rgb/406.jpg,Town04/$config/bev/$k/406.png
Town10HD/$config/rgb/1030.jpg,Town10HD/$config/bev/$k/1030.png
Town05/$config/rgb/1716.jpg,Town05/$config/bev/$k/1716.png
Town05/$config/rgb/875.jpg,Town05/$config/bev/$k/875.png
Town03/$config/rgb/635.jpg,Town03/$config/bev/$k/635.png
Town02/$config/rgb/1842.jpg,Town02/$config/bev/$k/1842.png
Town01/$config/rgb/1815.jpg,Town01/$config/bev/$k/1815.png
Town02/$config/rgb/1812.jpg,Town02/$config/bev/$k/1812.png
Town01/$config/rgb/554.jpg,Town01/$config/bev/$k/554.png
Town05/$config/rgb/791.jpg,Town05/$config/bev/$k/791.png
Town06/$config/rgb/1772.jpg,Town06/$config/bev/$k/1772.png
Town07/$config/rgb/1768.jpg,Town07/$config/bev/$k/1768.png
Town06/$config/rgb/823.jpg,Town06/$config/bev/$k/823.png
Town03/$config/rgb/833.jpg,Town03/$config/bev/$k/833.png
Town07/$config/rgb/1889.jpg,Town07/$config/bev/$k/1889.png
Town04/$config/rgb/1842.jpg,Town04/$config/bev/$k/1842.png
Town02/$config/rgb/862.jpg,Town02/$config/bev/$k/862.png
Town01/$config/rgb/2.jpg,Town01/$config/bev/$k/2.png
Town04/$config/rgb/56.jpg,Town04/$config/bev/$k/56.png
Town06/$config/rgb/213.jpg,Town06/$config/bev/$k/213.png
Town06/$config/rgb/67.jpg,Town06/$config/bev/$k/67.png
Town07/$config/rgb/1985.jpg,Town07/$config/bev/$k/1985.png
Town02/$config/rgb/115.jpg,Town02/$config/bev/$k/115.png
Town07/$config/rgb/1274.jpg,Town07/$config/bev/$k/1274.png
Town01/$config/rgb/1089.jpg,Town01/$config/bev/$k/1089.png
Town06/$config/rgb/1974.jpg,Town06/$config/bev/$k/1974.png
Town03/$config/rgb/1647.jpg,Town03/$config/bev/$k/1647.png
Town01/$config/rgb/483.jpg,Town01/$config/bev/$k/483.png
Town05/$config/rgb/91.jpg,Town05/$config/bev/$k/91.png
Town07/$config/rgb/311.jpg,Town07/$config/bev/$k/311.png
Town04/$config/rgb/1325.jpg,Town04/$config/bev/$k/1325.png
Town02/$config/rgb/495.jpg,Town02/$config/bev/$k/495.png